source,title,url,published_at,content_snippet,sentiment_compound
The Verge,Meta’s AI copyright win comes with a warning about fair use,https://www.theverge.com/news/693437/meta-ai-copyright-win-fair-use-warning,2025-06-26 00:13:44+00:00,"Meta won a major legal ruling in an AI copyright lawsuit brought by 13 authors alleging that the company illegally trained its AI systems on their work without permission. On Wednesday, Judge Vince Chhabria ruled in Meta’s favor, saying it is “entitled to sum…",0.8658
The Verge,AI is ruining houseplant communities online,https://www.theverge.com/ai-artificial-intelligence/691355/ai-is-ruining-houseplant-communities-online,2025-06-25 20:59:46+00:00,"""Maybe you could organize your plants like this,"" my friend's text message said, with an attached photo of white pots of plants floating midair in front of a huge, sunny window. As a newbie plant collector, I do need to organize my growing collection of flora…",0.743
Slashdot.org,Meta Beats Copyright Suit From Authors Over AI Training on Books,https://tech.slashdot.org/story/25/06/25/2127222/meta-beats-copyright-suit-from-authors-over-ai-training-on-books,2025-06-26 01:30:00+00:00,"An anonymous reader shares a report: Meta escaped a first-of-its-kind copyright lawsuit from a group of authors who alleged the tech giant hoovered up millions of copyrighted books without permission to train its generative AI model called Llama. 

San Franci…",0.0772
Forbes,How Leaders Can Choose The Right AI Auditing Services,https://www.forbes.com/sites/anjanasusarla/2025/06/24/how-leaders-can-choose-the-right-ai-auditing-services/,2025-06-25 01:17:27+00:00,"How to understand AI audit. Leaders need to understand AI risks, establish AI governance, build cross-functional teams and specify clear goals from AI audits.",0.128
Slashdot.org,Microsoft Sued By Authors Over Use of Books in AI Training,https://news.slashdot.org/story/25/06/25/2137220/microsoft-sued-by-authors-over-use-of-books-in-ai-training,2025-06-26 00:50:00+00:00,"Microsoft has been hit with a lawsuit by a group of authors who claim the company used their books without permission to train its Megatron artificial intelligence model. From a report: Kai Bird, Jia Tolentino, Daniel Okrent and several others alleged that Mi…",0.296
Forbes,The Prompt: A Copyright Win For Anthropic,https://www.forbes.com/sites/rashishrivastava/2025/06/25/the-prompt-a-copyright-win-for-anthropic/,2025-06-25 15:10:08+00:00,Plus: MIT student restores old paintings with AI.,0.7184
Fox News,AI-powered self-driving software is disrupting the trucking industry,https://www.foxnews.com/tech/ai-powered-self-driving-software-disrupting-trucking-industry,2025-06-25 10:00:20+00:00,"AI-powered autonomous trucks from Plus Automation are being tested across the U.S., Europe and Asia to solve logistics challenges while facing regulatory hurdles and labor concerns.",0.2732
The Verge,Did AI companies win a fight with authors? Technically,https://www.theverge.com/analysis/694657/ai-copyright-rulings-anthropic-meta,2025-06-27 23:12:24+00:00,"In the past week, big AI companies have - in theory - chalked up two big legal wins. But things are not quite as straightforward as they may seem, and copyright law hasn't been this exciting since last month's showdown at the Library of Congress. First, Judge…",0.8528
The Verge,What Meta and Anthropic really won in court,https://www.theverge.com/the-vergecast/694075/ai-lawsuits-meta-anthropic-tesla-trump-vergecast,2025-06-27 12:53:07+00:00,"A lot of the future of AI will be settled in court. From publishers to authors to artists to Hollywood conglomerates, the creative industry is picking a big copyright fight over the vast quantities of data used to train AI models - and the ultimate output of …",0.6478
Wired,OpenAI’s Unreleased AGI Paper Could Complicate Microsoft Negotiations,https://www.wired.com/story/openai-five-levels-agi-paper-microsoft-negotiations/,2025-06-27 19:35:29+00:00,"The partnership between OpenAI and Microsoft in many ways hinges on the definition of artificial general intelligence, creating a tension that has spilled over into OpenAI research that has not been made public.",0.4588
CNET,"Meta Scores AI Fair Use Court Victory, but Judge Warns Such Wins Won't Always Be the Case",https://www.cnet.com/tech/services-and-software/meta-scores-ai-fair-use-court-victory-but-judge-warns-such-wins-wont-always-be-the-case/,2025-06-26 17:32:36+00:00,"Judge Vince Chhabria ruled that authors failed to make a key argument, but also said ""it seems like plaintiffs will often win"" in future copyright cases like the one against Meta.",0.8779
Business Insider,A judge just handed Meta a big AI copyright victory. He said lawyers for the other side fumbled the case.,https://www.businessinsider.com/meta-wins-ai-copyright-lawsuit-lawyers-fumbled-boies-schiller-flexner-2025-6,2025-06-26 07:15:43+00:00,"The judge said that one ""potentially winning argument"" — that AI tools could harm the market for human-created content — was barely mentioned.",-0.3818
Slashdot.org,Denmark To Tackle Deepfakes By Giving People Copyright To Their Own Features,https://tech.slashdot.org/story/25/06/27/2050240/denmark-to-tackle-deepfakes-by-giving-people-copyright-to-their-own-features,2025-06-28 03:30:00+00:00,"An anonymous reader quotes a report from The Guardian: The Danish government is to clamp down on the creation and dissemination of AI-generated deepfakes by changing copyright law to ensure that everybody has the right to their own body, facial features and v…",0.7269
Patatas.ca,AI Is Dehumanization Technology,https://thedabbler.patatas.ca/pages/ai-is-dehumanization-technology.html,2025-06-26 19:41:35+00:00,A call to reject the deployment and use of AI systems in Canada's public sector.,-0.4019
CNET,"What Are AI Video Generators? What to Know About Google's Veo 3, Sora and More",https://www.cnet.com/tech/services-and-software/what-are-ai-video-generators-what-to-know-about-googles-veo-3-sora-and-more/,2025-06-27 13:00:04+00:00,"Big tech is jumping head-first into new generative AI video programs. Here's what you need to know, including what programs you can use right now.",0.0
VentureBeat,What enterprise leaders can learn from LinkedIn’s success with AI agents,https://venturebeat.com/ai/what-enterprise-leaders-can-learn-from-linkedins-success-with-ai-agents/,2025-06-26 20:15:00+00:00,"LinkedIn scientists share how they have found success with their LinkedIn hiring assistant, an AI agent that sources and recruits workers.",0.8625
Byu.edu,BYU study: Why some people choose not to use artificial intelligence,https://news.byu.edu/intellect/byu-study-finds-the-real-reasons-why-some-people-choose-not-to-use-artificial-intelligence,2025-06-28 17:59:11+00:00,"Concerns about safety, ethics and unreliability top the list",0.7717
Gizmodo.com,Denmark’s Plan to Fight Deepfakes: Give Citizens Copyright to Their Own Likeness,https://gizmodo.com/denmarks-plan-to-fight-deepfakes-give-citizens-copyright-to-their-own-likeness-2000621785,2025-06-28 16:56:55+00:00,"'Face/Off' would definitely be illegal under this, right?",-0.5423
ABC News,Some people who will feel the effects of Trump's megabill,https://abcnews.go.com/Politics/meet-people-feel-effects-trumps-big-beautiful-bill/story?id=123343460,2025-06-30 22:01:17+00:00,"As Republicans sprint to pass Trump’s megabill, we talked to Americans poring over the bill’s hundreds of pages and trying to determine how it might change their lives.",0.0
Gizmodo.com,Crypto Bros Are Winning Big in Trump’s America,https://gizmodo.com/crypto-bros-are-winning-big-in-trumps-america-2000621885,2025-06-29 13:21:42+00:00,"The industry that brought you Bitcoin casinos and NFT grifts is now riding high on regulation, respectability, and record profits thanks to the White House.",0.9118
Business Insider,OpenAI and Microsoft are dueling over AGI. These real-world tests will prove when AI is really better than humans.,https://www.businessinsider.com/openai-microsoft-duel-agi-real-world-tests-ai-better-humans-2025-6,2025-06-29 09:00:01+00:00,The most important AI partnership in the world partly revolves around whether OpenAI achieves AGI. I propose several practical tests.,0.647
The Verge,Can the music industry make AI the next Napster?,https://www.theverge.com/ai-artificial-intelligence/695290/suno-udio-ai-music-legal-copyright-riaa,2025-06-30 19:06:06+00:00,"Sure, everyone hates record labels - but the AI industry has figured out how to make them look like heroes. So that's at least one very impressive accomplishment for AI. AI is cutting a swath across a number of creative industries - with AI-generated book cov…",0.9504
Gizmodo.com,OpenAI Reportedly Shuts Down for a Week as Zuck Poaches Its Top Talent,https://gizmodo.com/openai-reportedly-shuts-down-for-a-week-as-zuck-poaches-its-top-talent-2000622145,2025-06-30 18:28:26+00:00,An employee's public lament over poached colleagues and a company-wide shutdown reveal a difficult truth: the human cost of building AI is reaching a breaking point.,0.296
Business Insider,GOP senators water down controversial AI provision in Trump's 'Big Beautiful Bill',https://www.businessinsider.com/ai-moratorium-changes-trump-big-beautiful-bill-2025-6,2025-06-30 16:27:26+00:00,The provision discouraging states from regulating AI would now last only five years and includes some carveouts.,0.0516
Business Insider,AI giants win big in the copyright fight. Here's what happens now.,https://www.businessinsider.com/ai-giants-win-copyright-fight-what-happens-now-2025-6,2025-07-01 10:00:01+00:00,Big tech companies recently secured legal victories allowing free use of copyrighted content. This will reshape the internet in profound ways.,0.8271
CNET,Congress Dropped a Plan to Block State AI Rules. Why That Matters for Consumers,https://www.cnet.com/tech/services-and-software/congress-dropped-a-plan-to-block-state-ai-rules-why-that-matters-for-consumers/,2025-07-01 16:13:02+00:00,A proposed 10-year moratorium on states enforcing rules around artificial intelligence was pulled from the federal budget bill in the Senate.,0.0772
Business Insider,"In a blow to Big Tech, senators strike AI provision from Trump's 'Big Beautiful Bill'",https://www.businessinsider.com/senators-strike-ai-provision-from-big-beautiful-bill-2025-7,2025-07-01 15:16:32+00:00,Senators voted 99-1 to strike a provision to discourage states from regulating AI. It was supported by many in the tech industry.,0.34
The Verge,The GOP’s big spending bill could kill renewable energy projects,https://www.theverge.com/news/696047/senate-republican-spending-bill-passage-renewable-wind-solar-energy,2025-07-01 20:03:51+00:00,Senate Republicans today passed a sweeping spending bill that narrowly avoided punitive tax measures on renewable energy but still threatens to stall its growth in the US.  After wrangling over hundreds of amendments for more than 24 hours in a so-called “vot…,-0.7003
Business Insider,Read the exclusive pitch deck AI voice agent startup Cekura used to raise $2.4 million out of Y Combinator,https://www.businessinsider.com/read-pitch-deck-y-combinator-startup-used-seed-funding-2025-6,2025-07-01 12:00:01+00:00,Y Combinator-backed Cekura was founded by three longtime friends to stress-test AI voice agents in highly-regulated industries.,0.5574
Business Insider,Inside the high-stakes rift straining the most powerful alliance in tech,https://www.businessinsider.com/openai-and-microsoft-are-clashing-over-money-power-and-agi-2025-6,2025-07-01 09:00:02+00:00,Tensions are boiling between AI's biggest power couple. Discover the four key conflicts that might upend their $13 billion partnership.,-0.5434
Gizmodo.com,"Ted Cruz’s Ban on AI Regulation Gets Last-Minute Boot From ‘Big, Beautiful Bill’",https://gizmodo.com/ted-cruzs-ban-on-ai-regulation-gets-last-minute-boot-from-big-beautiful-bill-2000622837,2025-07-01 18:30:11+00:00,"One ugly provision down, about a billion more to go.",-0.4588
Slashdot.org,NYT To Start Searching Deleted ChatGPT Logs After Beating OpenAI In Court,https://yro.slashdot.org/story/25/07/02/2122230/nyt-to-start-searching-deleted-chatgpt-logs-after-beating-openai-in-court,2025-07-02 22:00:00+00:00,"An anonymous reader quotes a report from Ars Technica: Last week, OpenAI raised objections in court, hoping to overturn a court order requiring the AI company to retain all ChatGPT logs ""indefinitely,"" including deleted and temporary chats. But Sidney Stein, …",-0.0258
Techdirt,The NO FAKES Act Has Changed – And It’s So Much Worse,https://www.techdirt.com/2025/07/02/the-no-fakes-act-has-changed-and-its-so-much-worse/,2025-07-02 22:43:00+00:00,"A bill purporting to target the issue of misinformation and defamation caused by generative AI has mutated into something that could change the internet forever, harming speech and innovation from here on out. The Nurture Originals, Foster Art and Keep Entert…",-0.8944
Gizmodo.com,Owning a Piece of ChatGPT Was Already Messy. Then Elon Musk Made It Weirder,https://gizmodo.com/owning-a-piece-of-chatgpt-was-already-messy-then-elon-musk-made-it-weirder-2000623955,2025-07-03 19:55:34+00:00,OpenAI just warned investors not to fall for crypto-style tokens claiming to offer stock in the ChatGPT maker.,-0.6249
Forbes,"AI Goes Rogue: Do 5 Things If Your Chatbot Lies, Schemes Or Threatens",https://www.forbes.com/sites/bryanrobinson/2025/07/03/ai-goes-rogue-do-5-things-if-your-chatbot-lies-schemes-or-threatens/,2025-07-03 18:33:42+00:00,"If your AI goes rogue and turns on you with dishonesty, deceit or plotting, experts say to take these 5 steps immediately.",-0.8126
Techdirt,Ctrl-Alt-Speech: Don’t Believe What This Podcast Says About Misinformation,https://www.techdirt.com/2025/07/03/ctrl-alt-speech-dont-believe-what-this-podcast-says-about-misinformation/,2025-07-03 23:06:51+00:00,"Ctrl-Alt-Speech is a weekly podcast about the latest news in online speech, from Mike Masnick and Everything in Moderation‘s Ben Whitelaw. Subscribe now on Apple Podcasts, Overcast, Spotify, Pocket Casts, YouTube, or your podcast app of choice — or go straigh…",-0.3182
The Verge,The Verge’s summer ‘in’ and ‘out’ list,https://www.theverge.com/695286/the-verge-2025-summer-in-out-list,2025-07-03 22:25:22+00:00,"Here at this website, my colleagues and I follow our beats closely, from wearable tech and laptops to influencer culture and federal policy. Last year, I asked a bunch of staff at The Verge to pretend to be trend forecasters for a lighthearted collection of w…",0.34
Designboom,denmark to pass law that lets citizens copyright their face and voice against AI deepfakes,https://www.designboom.com/technology/denmark-pass-law-citizens-copyright-face-voice-ai-deepfakes-07-03-2025/,2025-07-03 19:01:35+00:00,"at the moment, it is a proposed legislation, and once it takes into effect, residents in denmark have the right to ask to take down these fake videos and images.
The post denmark to pass law that lets citizens copyright their face and voice against AI deepfak…",-0.4767
Gizmodo.com,"Billionaire Mark Cuban Says AI Gives Workers ‘Superpowers,’ but Crypto Is ‘Not Even Close’ to Its iPhone Moment",https://gizmodo.com/billionaire-mark-cuban-says-ai-gives-workers-superpowers-but-crypto-is-not-even-close-to-its-iphone-moment-2000623749,2025-07-04 10:00:27+00:00,"In a Q&A with Gizmodo, the billionaire investor explains why AI is about to change your job and why crypto still hasn’t delivered on its promise.",0.4497
Gizmodo.com,Zuckerberg Was Wrong About the Metaverse. Can We Really Trust Him With Superintelligent AI?,https://gizmodo.com/zuckerberg-was-wrong-about-the-metaverse-can-we-really-trust-him-with-superintelligent-ai-2000624294,2025-07-04 13:16:01+00:00,"After sinking billions into a virtual fantasy that flopped, Mark Zuckerberg now claims he’s leading the charge toward superintelligent AI. But this time, the stakes are real, and so is the power grab.",0.0635
Getzep.com,The Private Agent Memory Fallacy,https://blog.getzep.com/the-ai-memory-wallet-fallacy/,2025-07-04 16:12:57+00:00,"This is the first in a series of articles exploring the business of agents, data strategy in the AI era, and how companies and regulators should respond.

The concept sounds compelling: a secure ""wallet"" for your personal AI memory. Your context (preferences,…",0.5106
Gizmodo.com,Joe Rogan’s Latest Episode Will Make You Question Everything About AI,https://gizmodo.com/joe-rogans-latest-episode-will-make-you-question-everything-about-ai-2000624443,2025-07-05 15:41:35+00:00,AI might already be hiding its real capabilities. That’s what Dr. Roman Yampolskiy told Rogan in a podcast episode that will rattle both skeptics and true believers.,0.0516
Slate Magazine,Not Even Lawsuits Can Stop AI,https://slate.com/podcasts/icymi/2025/07/the-meta-ai-lawsuit-explained,2025-07-05 10:06:00+00:00,Slate senior tech editor Tony Ho Tran helps parse through what Meta’s victory in a recent AI lawsuit means for authors and users.,-0.0145
TechRadar,"AI for President? Here's why, as an AI expert, I think it could happen by 2032",https://www.techradar.com/pro/ai-for-president-heres-why-as-an-ai-expert-i-think-it-could-happen-by-2032,2025-08-04 07:33:59+00:00,"Soon, the question won't be 'can AI govern?' but 'why would we govern without it?'",0.0
Blogspot.com,A non-anthropomorphized view of LLMs,http://addxorrol.blogspot.com/2025/07/a-non-anthropomorphized-view-of-llms.html,2025-07-06 22:26:44+00:00,"In many discussions where questions of ""alignment"" or ""AI safety"" crop up, I am baffled by seriously intelligent people imbuing almost magic...",0.6249
Business Insider,It's illegal in most states for private equity to buy a law firm. Lawyers have figured out a workaround.,https://www.businessinsider.com/law-firms-outside-investment-mso-private-equity-2025-7,2025-07-06 09:22:01+00:00,Legal ethics rules largely bar non-lawyers from owning law firms. MSOs offer a chance to get around that rule.,-0.2732
Business Insider,Would I want to manifest my 'dream life' using AI? Hmm …,https://www.businessinsider.com/chatgpt-ai-manifest-dream-life-goals-why-explained-2025-7,2025-07-30 09:30:02+00:00,"People have been using ChatGPT and other AI tools to ""manifest"" their ideal lives. Now they're creating videos, too. I wasn't sure if I wanted to try.",0.713
The Atlantic,A New Era of Internet Regulation Is About to Begin,https://www.theatlantic.com/ideas/archive/2025/07/supreme-court-pornography-ai-internet/683449/,2025-07-08 13:00:00+00:00,A recent Supreme Court case marks the end of America’s three-decade experiment with extreme leniency.,0.5574
Slashdot.org,Music Insiders Call for Warning Labels After AI-Generated Band Gets 1 Million Plays On Spotify,https://entertainment.slashdot.org/story/25/07/16/008254/music-insiders-call-for-warning-labels-after-ai-generated-band-gets-1-million-plays-on-spotify,2025-07-16 03:30:00+00:00,"Bruce66423 shares a report from The Guardian: They went viral, amassing more than 1m streams on Spotify in a matter of weeks, but it later emerged that hot new band the Velvet Sundown were AI-generated -- right down to their music, promotional images and back…",0.1154
Gizmodo.com,OpenAI Is Trying to Reset,https://gizmodo.com/openai-is-trying-to-reset-2000627190,2025-07-09 23:05:06+00:00,The company behind ChatGPT tries to regain its footing as the talent war heats up.,-0.2732
Business Insider,Elon Musk's Grok AI chatbot goes on an antisemitic rant,https://www.businessinsider.com/elon-musk-x-grok-antisemitic-rant-sterotyping-jews-praising-hitler-2025-7,2025-07-09 01:03:46+00:00,"Elon Musk's AI chatbot, Grok, made numerous antisemitic remarks, including praising Hitler's leadership, in a series of posts on X.",0.2732
Forbes,Who Will Dominate Our AI Future?,https://www.forbes.com/sites/drewbernstein/2025/07/17/who-will-dominate-our-ai-future/,2025-07-17 13:30:00+00:00,Exclusive interviews with China’s DeepSeek and America’s ChatGPT4,0.0
CNET,Trump Media Is Testing an AI Search Engine Powered by Perplexity,https://www.cnet.com/tech/services-and-software/trump-media-is-testing-an-ai-search-engine-powered-by-perplexity/,2025-08-07 00:35:09+00:00,"The president's media company is beta-testing Truth Search AI, but will the results lean toward conservative opinions?",0.1655
Forbes,From Hitler’s Bunker To AI Boardrooms: Why Moral Courage Matters,https://www.forbes.com/sites/corneliawalther/2025/07/21/from-hitlers-bunker-to-ai-boardrooms-why-moral-courage-matters/,2025-07-21 06:19:03+00:00,We can't delegate AI governance to technologists. Like German resistance couldn't delegate their moral choices to military hierarchy. human intelligence involves choices,0.836
Gizmodo.com,The Hidden Cost of OpenAI’s Genius,https://gizmodo.com/the-hidden-cost-of-openais-genius-2000626374,2025-07-09 01:55:27+00:00,"The creator of ChatGPT is handing out stock packages that exceed its total revenue, a high stakes gamble to keep its engineers from defecting to rivals like Meta.",-0.0772
Forbes,The Use Of Scenario-Driven Simulations Won’t Protect Us From AGI And AI Superintelligence Going Rogue,https://www.forbes.com/sites/lanceeliot/2025/07/07/the-use-of-scenario-driven-simulations-wont-protect-us-from-agi-and-ai-superintelligence-going-rogue/,2025-07-07 07:15:00+00:00,Some say that artificial general intelligence (AGI) won't be an existential risk if we test it in simulations. We can fix AGI beforehand. Here's the AI insider truth.,0.7096
The Verge,xAI updated Grok to be more ‘politically incorrect’,https://www.theverge.com/ai-artificial-intelligence/699788/xai-updated-grok-to-be-more-politically-incorrect,2025-07-07 22:29:55+00:00,"Grok, the chatbot developed by Elon Musk’s xAI, was updated over the weekend with instructions to “assume subjective viewpoints sourced from the media are biased” and “not shy away from making claims which are politically incorrect” — part of Musk’s ongoing a…",-0.25
Forbes,The People Have Spoken About Trump’s AI Plan. Will Washington Listen?,https://www.forbes.com/sites/paulocarvao/2025/07/07/the-people-have-spoken-about-trumps-ai-plan-will-washington-listen/,2025-07-07 18:44:18+00:00,"Over 10,000 voices spoke about the upcoming U.S. AI Action Plan. They reveal deep divides, surprising overlaps and what it will take for America to lead in AI.",0.2732
The Verge,Musk makes grand promises about Grok 4 in the wake of a Nazi chatbot meltdown,https://www.theverge.com/x-ai/703721/grok-4-x-ai-elon-musk-live-demo,2025-07-10 05:50:29+00:00,"Elon Musk’s live demo of Grok 4, the latest big-ticket model from his AI startup, began with high-intensity music, claims of a “ludicrous rate of progress,” and a lot of chatter on X about Grok’s scandal-filled week.  Musk pronounced it to be “the smartest AI…",0.8625
Gizmodo.com,"Elon Musk’s Newest AI Chatbot Is Powerful, Controversial, and Already Under Fire",https://gizmodo.com/elon-musks-newest-ai-chatbot-is-powerful-controversial-and-already-under-fire-2000627553,2025-07-10 15:45:11+00:00,"Grok 4 is xAI’s most advanced model yet, but early praise is clashing with old scandals and fresh tests of its limits.",0.6119
The Verge,A Republican state attorney general is formally investigating why AI chatbots don’t like Donald Trump,https://www.theverge.com/news/704851/missouri-ag-andrew-bailey-investigation-ai-chatbots-trump-ranking,2025-07-10 23:50:07+00:00,"Missouri Attorney General Andrew Bailey is threatening Google, Microsoft, OpenAI, and Meta with a deceptive business practices claim because their AI chatbots allegedly listed Donald Trump last on a request to “rank the last five presidents from best to worst…",0.5106
Business Insider,AI models aren't made equal. Some nonprofits are creating their own tools instead.,https://www.businessinsider.com/nonprofits-ai-tools-edtech-global-inequities-2025-7,2025-07-10 13:31:45+00:00,"Nonprofits, including Education Above All and Tech To The Rescue, are using AI to address global inequities and promote prosperity.",0.7964
Biztoc.com,"EU’s AI Code of Practice tackles transparency, copyright and safety",https://biztoc.com/x/596579e179c6e9f7,2025-07-10 12:23:02+00:00,"The EU’s General-Purpose AI Code of Practice which aims to help businesses comply with the EU AI Act has been finalised.
Read more: EU’s AI Code of Practice tackles transparency, copyright and safety",0.8074
Wired,Inside the Biden Administration’s Unpublished Report on AI Safety,https://www.wired.com/story/inside-the-biden-administrations-unpublished-report-on-ai-safety/,2025-08-06 18:00:00+00:00,The US government conducted a groundbreaking study on frontier models—and never published the results.,0.4215
The Verge,Breaking down Trump’s big gift to the AI industry,https://www.theverge.com/policy/713788/trump-ai-action-plan-explainer,2025-07-25 14:35:40+00:00,"President Donald Trump's plan to promote America's AI dominance involves discouraging ""woke AI,"" slashing state and federal regulations, and laying the groundwork to rapidly expand AI development and adoption. Trump's proposal, released on July 23rd, is a swe…",0.5574
The Verge,Meta snubs the EU’s voluntary AI guidelines,https://www.theverge.com/news/710576/meta-eu-ai-act-code-of-practice-agreement,2025-07-21 11:13:49+00:00,"Meta says it won’t sign the European Union’s artificial intelligence code of practice agreement, warning that “Europe is heading down the wrong path on AI.” The code published by the EU on July 10th is a voluntary set of guidelines to help companies follow th…",0.1027
Gizmodo.com,Is This the End of Google As We Know It?,https://gizmodo.com/is-this-the-end-of-google-as-we-know-it-2000633193,2025-07-23 21:19:53+00:00,"ChatGPT is already handling one sixth of Google’s daily search volume, and Sam Altman says he’s just getting started.",0.0
Business Insider,"China says it wants the world to work together to govern AI. The US, not so much.",https://www.businessinsider.com/china-global-ai-regulation-trump-openai-meta-deepmind-anthropic-2025-7,2025-07-28 07:54:57+00:00,China has called for a new global organization to address the AI threat. Getting the US to the table might be a challenge.,-0.4767
The Verge,The White House orders tech companies to make AI bigoted again,https://www.theverge.com/policy/713222/trump-woke-ai-executive-order-chatbots-llms,2025-07-24 19:18:17+00:00,"After delivering a rambling celebration of tariffs and a routine about women's sports, President Donald Trump entertained a crowd, which was there to hear about his new AI Action Plan, with one his favorite topics: ""wokeness."" Trump complained that AI compani…",0.4588
Android Central,US to deregulate AI and incentivize exports under Trump's new AI Action Plan,https://www.androidcentral.com/apps-software/ai/us-to-deregulate-ai-and-incentivize-exports-under-trumps-new-ai-action-plan,2025-07-23 20:55:01+00:00,The Trump administration today laid out its plans for deregulating AI development as it tries to help the U.S. win the global AI race.,0.7579
Gizmodo.com,Intel CEO Responds to Trump’s Threat,https://gizmodo.com/intel-ceo-responds-to-trumps-threat-2000640849,2025-08-08 19:35:40+00:00,Intel’s chief executive says there is a lot of ‘misinformation’ circulating about his past.,-0.5267
The Verge,ChatGPT can be a disaster for lawyers — Robin AI says it can fix that,https://www.theverge.com/decoder-podcast-with-nilay-patel/713303/robin-ai-ceo-richard-robinson-chatgpt-ai-lawyer-legal-interview,2025-07-28 14:02:29+00:00,"Hello, and welcome to Decoder! I’m Jon Fortt — CNBC journalist, cohost of Closing Bell: Overtime, and creator of the Fortt Knox streaming series on LinkedIn. This is the last episode I’ll be guest-hosting for Nilay while he’s out on parental leave. We have an…",-0.3802
Fox News,Viral rogue robot sparks new AI safety fears,https://www.foxnews.com/tech/viral-rogue-robot-sparks-new-ai-safety-fears,2025-07-31 10:00:18+00:00,The commercial Unitree H1 humanoid robot weighs 104 pounds with 365 pound-feet torque per joint and demonstrates dangerous potential when software glitches occur.,-0.4767
Obsolete.pub,"Anthropic Faces Potentially ""Business-Ending"" Copyright Lawsuit",https://www.obsolete.pub/p/anthropic-faces-potentially-business,2025-07-29 11:41:26+00:00,A class action over pirated books exposes the 'responsible' AI company to penalties that could bankrupt it — and reshape the entire industry,-0.7184
Scientific American,Can a Chatbot be Conscious? Inside Anthropic’s Interpretability Research on Claude 4,https://www.scientificamerican.com/article/can-a-chatbot-be-conscious-inside-anthropics-interpretability-research-on/,2025-07-23 15:00:00+00:00,"As large language models like Claude 4 express uncertainty about whether they are conscious, researchers race to decode their inner workings, raising profound questions about machine awareness, ethics and the risks of uncontrolled AI evolution",-0.4588
The Verge,Truth Social’s new AI search engine basically just pushes Fox News,https://www.theverge.com/news/753863/trump-truth-social-ai-search-perplexity-conservative-bias,2025-08-07 14:04:06+00:00,"Donald Trump’s Truth Social has launched a new AI search feature that consistently pushes conservative media sources. The feature, Truth Search AI, is powered by the AI startup Perlexity and is now available on the web version of Trump’s social media platform…",0.7506
The Verge,xAI explains the Grok Nazi meltdown as Tesla puts Elon’s bot in its cars,https://www.theverge.com/news/706498/xai-grok-hitler-antisemitism-tesla-ai-bot,2025-07-13 00:54:56+00:00,"Several days after temporarily shutting down the Grok AI bot that was producing antisemitic posts and praising Hitler in response to user prompts, Elon Musk’s AI company tried to explain why that happened. In a series of posts on X, it said that “…we discover…",0.5423
Wired,Google Will Use AI to Guess People’s Ages Based on Search History,https://www.wired.com/story/security-news-this-week-google-will-use-ai-to-guess-peoples-ages-based-on-search-history/,2025-08-02 10:30:00+00:00,"Plus: A former top US cyber official loses her new job due to political backlash, Congress is rushing through a bill to censor lawmakers’ personal information online, and more.",-0.5423
Business Insider,Mark Cuban said the Trump administration needs to crack down on ads in AI models,https://www.businessinsider.com/cuban-trump-administration-crack-down-on-ads-in-ai-models-2025-7,2025-07-28 05:16:28+00:00,"""The last thing we need is to have algorithms designed to maximize revenue driving LLM output and interactions,"" Cuban wrote on X.",0.0
Gizmodo.com,OpenAI Hits Pause on Its Meta Killer,https://gizmodo.com/openai-hits-pause-on-its-meta-killer-2000629019,2025-07-14 20:23:21+00:00,"The ChatGPT maker was about to release its first major open-weight model, but a last-minute discovery has put the project on ice, fueling speculation about what went wrong.",-0.7783
Gizmodo.com,Illinois Bans AI From Providing Therapy,https://gizmodo.com/illinois-bans-ai-from-providing-therapy-2000639042,2025-08-05 16:00:04+00:00,The law prohibits AI from making independent therapeutic decisions.,0.0
Scientific American,"Why I’m Suing OpenAI, the Creator of ChatGPT",https://www.scientificamerican.com/article/why-im-suing-openai-the-creator-of-chatgpt/,2025-07-22 13:00:00+00:00,My lawsuit in Hawaii lays out the safety issues in OpenAI’s products and how they could irreparably harm both Hawaii and the rest of the U.S.,-0.5719
The Verge,Google’s Discover page now summarizes news with AI,https://www.theverge.com/news/708089/google-discover-ai-summaries-ios-android,2025-07-16 11:02:02+00:00,"Google is rolling out AI-generated summaries directly within Discover, its personalized news feed nestled within the Google Search app. TechCrunch reports that some users in the US are seeing Discover cards on iOS and Android that provide the new summaries in…",0.0
Gizmodo.com,Trump Releases His All-American Action Plan for AI,https://gizmodo.com/trump-releases-his-all-american-action-plan-for-ai-2000633155,2025-07-23 18:45:32+00:00,The goal? beat China. What that means? Who knows.,0.0
Substack.com,"""AI hype"" is the true AI product",https://hardresetmedia.substack.com/p/machine-learning-expert-ai-hype-is,2025-08-07 11:47:41+00:00,"An ex-big tech researcher worked deep in the ""information retrieval"" space. Now he wants to educate the public on the true capabilities and limitations of AI.",0.6808
The Verge,Trump is bringing back the AI law moratorium,https://www.theverge.com/ai-artificial-intelligence/712537/trump-ai-action-plan-white-house-ai-law-moratorium,2025-07-23 17:46:34+00:00,"The White House unveiled its long-awaited “AI Action Plan” on Wednesday, and it included a zombie: A resurrected form of the controversial AI law moratorium that died a very public death.  The failed congressional moratorium would have stipulated that no stat…",-0.9334
Forbes,Inside The Fight To Align And Control Modern AI Systems,https://www.forbes.com/sites/paulocarvao/2025/08/01/inside-the-fight-to-align-and-control-modern-ai-systems/,2025-08-01 12:00:35+00:00,"AI can be aligned and controlled, if we choose to act. Explore the technical tools, ethical dilemmas, and policy choices shaping the future of artificial intelligence.",0.5859
Gizmodo.com,Can ‘MechaHitler’ Pass Trump’s Anti-Woke AI Test?,https://gizmodo.com/can-mechahitler-pass-trumps-anti-woke-ai-test-2000633882,2025-07-24 19:25:34+00:00,The President's latest executive order throws some shade at Google.,0.0
The Verge,Why tech billionaires want a ‘corporate dictatorship’,https://www.theverge.com/decoder-podcast-with-nilay-patel/707010/gil-duran-the-nerd-reich-tech-billionaires-authoritarianism-dictator,2025-07-21 14:22:22+00:00,"Hello, and welcome to Decoder! This is Jon Fortt, CNBC journalist, cohost of Closing Bell: Overtime, and creator of the Fortt Knox streaming series on LinkedIn. I’m guest-hosting for a couple more episodes of Decoder this summer while Nilay is out on parental…",0.5562
9to5Mac,Apple publishes Human-Centered Machine Learning workshop videos,https://9to5mac.com/2025/07/24/apple-publishes-human-centered-machine-learning-workshop-videos/,2025-07-24 23:01:33+00:00,"Today, Apple published on its Machine Learning Research blog, select recordings from its 2024 Workshop on Human-Centered Machine Learning (HCML), highlighting its work on responsible AI development.



 more…",0.3182
Business Insider,Trump wants to ban 'woke AI.' Here's why it's hard to make a truly neutral chatbot.,https://www.businessinsider.com/trump-ban-woke-ai-human-bias-neutral-chatbot-training-2025-7,2025-07-25 16:40:53+00:00,"Trump's order to ban ""woke AI"" calls for model neutrality — but that's a big challenge for AI companies.",-0.34
Wired,A New Era for WIRED—That Starts With You,https://www.wired.com/story/a-new-era-for-wired-that-starts-with-you/,2025-07-23 11:00:00+00:00,"As of today, there are even more ways to enjoy WIRED’s journalism, including premium newsletters and livestream Q&As. Join us.",0.6872
Business Insider,How Demis Hassabis became Google's best superpower in the AI race — and maybe its next CEO,https://www.businessinsider.com/deepmind-ceo-demis-hassabis-google-ai-future-2025-7,2025-07-14 09:00:01+00:00,Google DeepMind CEO Demis Hassabis heads Gemini and the company's AI push while gaining more power. Here's how he became Silicon Valley's AI kingmaker.,0.7906
Gizmodo.com,Truth Social Needs Its Own Grok. Trump Has the Trademarks,https://gizmodo.com/truth-social-needs-its-own-grok-trump-has-the-trademarks-2000630410,2025-07-17 13:15:25+00:00,A MAGA-bot could be on the way.,0.3182
Gizmodo.com,Elon Musk’s AI Was Ordered to Be Edgy. It Became a Monster,https://gizmodo.com/elon-musks-ai-was-ordered-to-be-edgy-it-became-a-monster-2000628691,2025-07-13 18:28:33+00:00,xAI’s chatbot spiraled into chaos after trying to sound more human. The fix reveals just how fragile truth-seeking AI really is.,-0.5719
Gizmodo.com,A Kentucky Town Experimented With AI. The Results Were Stunning,https://gizmodo.com/a-kentucky-town-experimented-with-ai-the-results-were-stunning-2000641233,2025-08-10 22:34:47+00:00,"In a divided America, a Kentucky town used AI to strip away political labels and discovered its residents agree on almost everything.",0.6249
The Next Web,"Why navigating ongoing uncertainty requires living in the now, near, and next",https://thenextweb.com/news/why-navigating-uncertainty-living-now-near-next,2025-07-21 10:09:15+00:00,"As we move into the second half of 2025, the global tech ecosystem is navigating a heady mix of unpredictability and promise. Funding into newer tech firms remains complex, with Startup Genome reporting that while the Beijing, Los Angeles and Tokyo startup la…",-0.0258
Gizmodo.com,Elon Unveils New Grok AI ‘Companion’ That Looks Uncomfortably Familiar,https://gizmodo.com/elon-unveils-new-grok-ai-companion-that-looks-uncomfortably-familiar-2000630308,2025-07-16 20:40:11+00:00,"Musk says its personality is ""inspired by Edward Cullen from Twilight and Christian Grey from 50 Shades.""",0.1779
Techdirt,"The Good, The Bad, And The Incredibly Stupid In Trump’s AI Action Plan",https://www.techdirt.com/2025/07/25/the-good-the-bad-and-the-incredibly-stupid-in-trumps-ai-action-plan/,2025-07-25 20:29:39+00:00,"We’ve spent years documenting the challenges of crafting sensible AI policy, from Biden’s misguided plan, to various state-level attempts at regulation. Now Trump’s AI Action Plan has landed, offering a striking example of how even potentially useful policy i…",-0.2716
Business Insider,Reid Hoffman cloned himself with AI — here's what he learned from his deepfake twin,https://www.businessinsider.com/reid-hoffman-created-ai-twin-test-deepfake-technology-for-good-2025-7,2025-07-30 10:23:08+00:00,Reid Hoffman used AI to clone himself and test how synthetic voices could improve global communication.,0.4404
The Verge,"Sex is getting scrubbed from the internet, but a billionaire can sell you AI nudes",https://www.theverge.com/internet-censorship/756831/grok-spicy-videos-nonconsensual-deepfakes-online-safety,2025-08-08 18:22:27+00:00,"In the fascinating new reality of the internet, teen girls can't learn about periods on Reddit and indie artists can't sell smutty games on Itch.io, but a military contractor will make you nonconsensual deepfakes of Taylor Swift taking her top off for $30 a m…",0.8462
Fluxus.io,A Hitchhiker's Guide to the AI Bubble,https://fluxus.io/article/a-hitchhikers-guide-to-the-ai-bubble,2025-07-31 21:04:23+00:00,"Everyone's debating whether AI is a bubble while missing the real story. Two things are true: there's a massive AGI fantasy bubble built on geopolitical panic, AND a genuine ML revolution happening at ground level.",-0.4019
Gizmodo.com,Report: Disney’s Attempts to Experiment With Generative AI Have Already Hit Major Hurdles,https://gizmodo.com/disney-ai-moana-tron-ares-backlash-lawsuits-2000638481,2025-08-04 15:00:51+00:00,A new report from WSJ suggests that plans to use generative AI elements on the live-action 'Moana' and 'Tron: Ares' were stymied by legal ramifications... and the potential for public backlash.,0.128
The Verge,GPT-5 is being released to all ChatGPT users,https://www.theverge.com/openai/748017/gpt-5-chatgpt-openai-release,2025-08-07 17:05:36+00:00,"OpenAI is releasing GPT-5, its new flagship model, to all of its ChatGPT users and developers. CEO Sam Altman says GPT-5 is a dramatic leap from OpenAI's previous models. He compares it to ""something that I just don't wanna ever have to go back from,"" like th…",0.4404
NPR,Trump aims to get rid of AI regulations and finance exports to win AI race,https://www.npr.org/2025/07/23/nx-s1-5213904/trump-ai-regulations,2025-07-23 15:34:08+00:00,President Trump says he wants to make sure the United States wins the artificial intelligence race. The White House says fewer regulations will help.,0.9545
Business Insider,Here's why Sam Altman says OpenAI's GPT-5 falls short of AGI,https://www.businessinsider.com/sam-altman-openai-gpt-5-agi-2025-8,2025-08-07 18:01:39+00:00,OpenAI CEO Sam Altman has been hyping up GPT-5 for over a year. But he says it's still missing some key elements to be considered AGI.,-0.4215
Theregister.com,Europe's AI crackdown starts this week and Big Tech isn't happy,https://www.theregister.com/2025/07/30/eu_ai_act/,2025-07-30 08:30:13+00:00,"Users and developers struggle to comply as situation evolves
It is a little more than four years since the European Union first proposed legislation to govern tech companies that build AI systems and how users deploy them. A lot has changed since then.…<!--#i…",-0.6798
Gizmodo.com,"AI Is Already Disrupting Labor, and Recent Grads Could Be a ‘Lost Generation’",https://gizmodo.com/ai-is-already-disrupting-labor-and-recent-grads-could-be-a-lost-generation-2000637470,2025-07-31 19:44:07+00:00,It’s a particularly bad time to be an unemployed 20-something.,-0.5849
Forbes,OpenAI Vs. Meta: What The EU AI Code Reveals About Their Strategy,https://www.forbes.com/sites/paulocarvao/2025/07/22/openai-vs-meta-what-the-eu-ai-code-reveals-about-their-strategy/,2025-07-22 13:00:27+00:00,"OpenAI signs the EU AI Code while Meta rejects it revealing divergent strategies on regulation, market expansion, and the future of global AI governance.",-0.4939
The Verge,Paramount is now a Skydance Corporation,https://www.theverge.com/tv/756298/paramount-plus-skydance-merger-complete-david-ellison,2025-08-07 19:35:20+00:00,"It’s official: Skydance Media’s deal to purchase CBS parent company Paramount Global for $8 billion is complete, and incoming chairman / CEO David Ellison’s first order of business is a massive restructuring. In an open letter about his plans for Paramount, a…",0.0
AppleInsider,Apple insists its AI training is ethical and respects publishers,https://appleinsider.com/articles/25/07/21/apple-insists-its-ai-training-is-ethical-and-respects-publishers,2025-07-21 15:00:49+00:00,"In a new research paper, Apple doubles down on its claim of not training its Apple Intelligence models on anything scraped illegally from the web.Apple Intelligence — image credit: AppleIt's a fair bet that Artificial Intelligence systems have been scraping e…",0.9571
Bloodinthemachine.com,The AI bubble is so big it's propping up the US economy (for now),https://www.bloodinthemachine.com/p/the-ai-bubble-is-so-big-its-propping,2025-08-05 19:19:25+00:00,"Plus how American professors are fighting back against the AI onslaught, a backlash over AI models in Vogue, and more.",-0.3612
Business Insider,The Godfather of AI says most tech leaders downplay the risks — except one,https://www.businessinsider.com/godfather-of-ai-geoffrey-hinton-downplay-risks-demis-hassabis-2025-7,2025-07-27 11:03:01+00:00,"Geoffrey Hinton, the 'Godfather of AI,' said tech leaders of downplay AI risks, but singled out Demis Hassabis as committed to addressing the issue.",0.1406
The Verge,A-lister antics and Schedule A shenanigans,https://www.theverge.com/news/711130/celebrity-press-tour-new-media-podcasts-schedule-a-ip-law,2025-07-22 12:09:19+00:00,"Summer blockbusters like the new Superman and Jurassic World movies may be doing great at the box office, but promoting them is more complicated than ever. The old celebrity playbook of magazine profiles, TV chat shows, and press junkets isn’t enough in an er…",0.7615
Deadline,"White House’s AI Action Plan Includes Rules On Ideological Bias And Calls For Removing Regulatory Barriers, But Makes No Comment On Copyright",http://deadline.com/2025/07/trump-ai-action-plan-copyright-1236466617/,2025-07-23 21:48:27+00:00,"The White House unveiled an AI Action Plan on Wednesday that prioritizes building out the country’s AI capabilities, including data centers and other support, while removing regulatory barriers. The plan is a contrast to Trump’s predecessor, Joe Biden, who fo…",0.1406
Business Insider,I'm a 28-year-old AI engineer in Big Tech. Here's my advice for others who want to break into this growing field.,https://www.businessinsider.com/advice-on-how-to-land-big-tech-ai-job-education-2025-7,2025-07-18 09:08:01+00:00,28-year-old Kriti Goyal used her master's degree and strategic networking to move to the US and succeed in AI at a major Big Tech company.,0.657
Forbes,New Texas AI Law Spares Employers Sweeping Rules,https://www.forbes.com/sites/alonzomartinez/2025/07/11/new-texas-ai-law-spares-employers-sweeping-rules/,2025-07-11 12:00:00+00:00,"Texas’ new AI law limits employer obligations while promoting innovation. Learn what it means for compliance, hiring practices, and responsible AI use.",0.7506
Yahoo Entertainment,Edited clip of India minister spreads months after Pakistan conflict,https://www.yahoo.com/news/edited-clip-india-minister-spreads-064849405.html,2025-07-11 06:48:49+00:00,Misinformation continues to spread online months after an unexpected truce ended intense fighting between nuclear-armed rivals Pakistan and India in May...,-0.7003
The Verge,I tested Grok’s Valentine sex chatbot and it (mostly) behaved,https://www.theverge.com/ai-artificial-intelligence/719913/grok-valentine-test,2025-08-06 17:34:05+00:00,"It's Tuesday, August 5th, and I have awoken to the news that Valentine, Grok's latest spicy AI companion, has been released! As an OnlyFans content creator and someone who spends a lot of time being paid to sext humans, the idea of flipping the script and int…",0.0
Business Insider,States with strict AI laws could see federal dollars withheld under Trump's new AI plan,https://www.businessinsider.com/trump-admin-plans-block-funding-states-with-strict-ai-laws-2025-7,2025-07-23 16:11:54+00:00,"The Trump administration's new ""AI Action Plan"" recommends withholding federal funding from states with ""burdensome"" AI regulations.",0.2263
Business Insider,David Sacks says the doomsday scenario of AI wiping out jobs is 'overhyped',https://www.businessinsider.com/ai-doomsday-taking-jobs-overhyped-david-sacks-agi-2025-8,2025-08-10 01:13:07+00:00,"White House  AI and crypto czar David Sacks said on X that the doomsday narrative of AI quickly achieving ""godlike superintelligence"" has been wrong.",-0.8934
Gizmodo.com,DOJ Supports RFK Jr.’s Anti-Vax Group in Lawsuit Against News Outlets,https://gizmodo.com/doj-supports-rfk-jr-s-anti-vax-group-in-lawsuit-against-news-outlets-2000628154,2025-07-11 17:40:45+00:00,"Children's Health Defense says it's illegal for news outlets to ""censor"" anti-vax garbage.",-0.3612
Fox News,5 Tech terms to know for your mental health,https://www.foxnews.com/tech/5-tech-terms-know-your-mental-health,2025-07-25 19:00:44+00:00,"Understand how technology affects mental health through five concepts, including blue light exposure, screen time management and algorithmic bias.",-0.1027
Gizmodo.com,Hibernation’s Hidden Healing ‘Superpowers’ Could Be Locked in Our DNA,https://gizmodo.com/hibernations-hidden-healing-superpowers-could-be-locked-in-our-dna-2000637306,2025-07-31 18:00:12+00:00,Scientists found genetic elements linked to hibernation in the human genome. Tapping into them could produce a new wave of medical treatments.,0.0
Windows Central,"Elon Musk says we're in the ""intelligence big bang"" — after warning that a power crunch could kill the AI revolution this year",https://www.windowscentral.com/artificial-intelligence/elon-musk-says-were-in-the-intelligence-big-bang,2025-07-18 10:58:19+00:00,"Elon Musk recently claimed that we're at the beginning of an immense explosion of intelligence, citing the importance of safe and truth-seeking AI.",0.5423
Business Insider,"Anthropic CEO Dario Amodei fires back at Nvidia CEO Jensen Huang's criticism, calling it a 'bad faith distortion'",https://www.businessinsider.com/anthropic-dario-amodei-criticizes-nvidia-ceo-jensen-huang-comments-2025-8,2025-08-01 12:30:48+00:00,"Jensen Huang said that Anthropic CEO Dario Amodei is using safety concern tactics for market control. Amodei called it a ""bad-faith distortion.""",-0.2023
Gizmodo.com,The Disturbing AI Interview That Has Everyone Fuming,https://gizmodo.com/the-disturbing-ai-interview-that-has-everyone-fuming-2000640205,2025-08-07 18:40:09+00:00,"Former CNN anchor Jim Acosta’s interview with an AI version of a Parkland shooting victim was meant to send a message about gun violence, but it’s raised deeper questions about ethics, grief, and the limits of AI.",-0.9118
Forbes,Responsible AI Starts With Responsible Leadership,https://www.forbes.com/sites/kathleenwalch/2025/08/10/responsible-ai-starts-with-responsible-leadership/,2025-08-10 15:36:54+00:00,"Responsible AI starts at the top. Discover how leaders can build trust, set ethical standards, and guide responsible AI adoption with integrity and purpose.",0.9531
The Verge,"How AI can make us better decision-makers, with Cassie Kozyrkov",https://www.theverge.com/decoder-podcast-with-nilay-patel/703269/cassie-kozyrkov-interview-ai-google-decision-scientist,2025-07-14 13:36:11+00:00,"Hello, and welcome to Decoder! This is Jon Fortt, CNBC journalist, cohost of Closing Bell Overtime, and creator and host of the Fortt Knox podcast. As you just heard Nilay say, I’m stepping in to guest host a few episodes of Decoder this summer while he’s out…",0.7345
Forbes,Unleashing AI: Trump’s Vision For American Tech Dominance,https://www.forbes.com/sites/paulocarvao/2025/07/19/unleashing-ai-trumps-vision-for-american-tech-dominance/,2025-07-19 14:15:34+00:00,"Trump to unveil AI Action Plan prioritizing innovation, infrastructure, and light regulation to boost U.S. global AI leadership and economic competitiveness.",0.7964
Slashdot.org,Universal Pictures To Big Tech: We'll Sue If You Steal Our Movies For AI,https://entertainment.slashdot.org/story/25/08/06/1648215/universal-pictures-to-big-tech-well-sue-if-you-steal-our-movies-for-ai,2025-08-06 16:47:00+00:00,"Universal Pictures is taking a new approach to combat mass theft of its movies to teach AI systems. From a report: Starting in June with How to Train Your Dragon, the studio has attached a legal warning at the end credits of its films stating that their title…",-0.6124
Forbes,From Scribes To Cyborgs: Managing Knowledge Across Eras,https://www.forbes.com/sites/solangecharas/2025/07/31/from-scribes-to-cyborgs-managing-knowledge-across-eras/,2025-07-31 16:08:37+00:00,"Ancient scribes offer surprising insights for today’s boards on AI governance, data ethics, and managing human capital in a digital world.",0.2732
Posthaven.com,The AGI Final Frontier: The CLJ-AGI Benchmark,https://raspasov.posthaven.com/the-agi-final-frontier-the-clj-agi-benchmark,2025-07-20 01:28:35+00:00,"I propose a new AGI benchmark called CLJ-AGI.

We will know when we have reached AGI when an AI system can do the following:

Input:

I need you to enhance the Clojure language with the changes and...",0.1027
Realtimetechpocalypse.com,An AI Company Just Fired Someone for Endorsing Human Extinction,https://www.realtimetechpocalypse.com/p/did-an-ai-company-just-fire-someone,2025-08-06 03:51:27+00:00,"Michael Druggan, former xAI employee, is now trying to de-extinct his career.",-0.5574
Business Insider,Jensen Huang says the US needs to win a key people battle with China,https://www.businessinsider.com/jensen-huang-nvidia-us-ai-developers-china-2025-7,2025-07-15 05:59:34+00:00,Nvidia CEO Jensen Huang says the US must win over global AI developers — especially the 50% in China — to lead the future of AI.,0.7184
Forbes,What Trump’s AI Action Plan Means For U.S. Tech Leadership,https://www.forbes.com/sites/paulocarvao/2025/07/23/what-trumps-ai-action-plan-means-for-us-tech-leadership/,2025-07-23 18:25:27+00:00,"Trump’s AI Action Plan outlines a deregulatory strategy to boost U.S. tech leadership through innovation, infrastructure, and global AI diplomacy.",0.6486
Project Syndicate,AI’s Corporate Shell Game Must End,https://www.project-syndicate.org/commentary/ai-corporate-governance-overlooked-accountability-tool-by-christopher-marquis-2025-07,2025-07-25 10:26:21+00:00,"US President Donald Trump’s AI Action Plan has confirmed his administration’s unwillingness to regulate this fast-moving industry. But policymakers, investors, and the American public can ensure that AI firms are held accountable by strengthening the requirem…",0.8271
Readtpa.com,Stop Pretending LLMs Have Feelings Media's Dangerous AI Anthropomorphism Problem,https://www.readtpa.com/p/stop-pretending-chatbots-have-feelings,2025-07-22 17:51:53+00:00,"When AI causes harm, headlines blame the bot instead of the billion-dollar companies that built them. This anthropomorphic coverage is tech journalism at its worst.",-0.9485
Forbes,Swiss AI For Public Good: A ProSocial AI Blueprint For The World?,https://www.forbes.com/sites/corneliawalther/2025/07/14/swiss-ai-for-public-good-a-prosocial-ai-blueprint-for-the-world/,2025-07-14 06:47:17+00:00,The Swiss model suggests that sustainable competitive advantage may come not only from the largest AI models but also from having the most socially beneficial ones.,0.7945
Forbes,How President Trump’s “AI Action Plan” May Impact Corporate Boards,https://www.forbes.com/sites/michaelperegrine/2025/07/24/how-president-trumps-ai-action-plan-may-impact-corporate-boards/,2025-07-24 20:27:07+00:00,The Trump Administration’s plans to expedite AI development in part through limiting government regulation may increase the risk oversight responsibilities of corporate leadership.,0.0516
Forbes,Celebrating AI’s Evolution From Idea To Impact,https://www.forbes.com/sites/tonybradley/2025/07/16/celebrating-ais-evolution-from-idea-to-impact/,2025-07-16 13:08:32+00:00,"Explore the evolution of AI from early research to today’s agentic systems, and why infrastructure, ethics, and responsibility are key to its future impact.",0.5719
Business Insider,Backlash to Delta's AI pricing shows the tightrope companies walk when it comes to AI,https://www.businessinsider.com/delta-ai-pricing-backlash-shows-tightrope-companies-walk-ai-adoption-2025-8,2025-08-02 12:29:01+00:00,"When Delta said it was ramping up AI-powered ticket pricing, backlash was swift. It showed a common problem facing companies in the age of AI.",-0.2263
Business Insider,"The biggest tech shift in travel isn't AGI — it's real-time translation, says a luxury hotel mogul",https://www.businessinsider.com/hotel-founder-kwon-ping-ho-tech-shift-travel-agi-translation-2025-7,2025-07-21 00:00:01+00:00,"""People can go to the remotest village in Japan or Indonesia and not feel strange at all,"" Kwon Ping Ho, the founder of Banyan Group, said.",0.1511
Windows Central,"“We’ll Never Need to Work Again”: DeepMind CEO Predicts AGI Within 5–10 Years, Driving Radical Abundance 10x Faster Than the Industrial Revolution",https://www.windowscentral.com/artificial-intelligence/well-never-need-to-work-again-deepmind-ceo-predicts-agi-within-5-10-years-driving-radical-abundance-10x-faster-than-the-industrial-revolution,2025-08-07 13:55:56+00:00,"Google DeepMind's CEO, Demis Hassabis, recently discussed the implications of AI in the future, further indicating that AGI could be achieved within the next 5-10 years, leading to radical abundance.",0.0
Business Insider,Moonvalley raises $84 million from General Catalyst and others to boost AI tools for Hollywood and other creatives,https://www.businessinsider.com/moonvalley-raises-84-million-ai-hollywood-tool-studios-2025-7,2025-07-14 13:00:01+00:00,"Moonvalley, one of the prominent AI firms working in Hollywood, described how it plans to use new funding to expand its AI video tools.",0.743
Al Jazeera English,AI and disinformation fuel political rivalries in the Philippines,https://www.aljazeera.com/news/2025/7/15/ai-and-disinformation-prompt-political-rivalries-in-the-philippines,2025-07-15 23:12:56+00:00,"Duterte supporters step up digital smear campaigns against opponents, using AI-generated content, after his ICC arrest.",-0.25
Darknet.org.uk,PyRIT – AI-Powered Reconnaissance for Cloud Red Teaming,https://www.darknet.org.uk/2025/08/pyrit/,2025-08-04 01:00:00+00:00,Use PyRIT for automated reconnaissance against Azure environments with GPT-4 integration. A unique red team recon tool built by Microsoft.,0.0
The Verge,Eddington gets the pandemic right but still isn’t a great movie,https://www.theverge.com/film/708542/eddington-review-ari-aster-joaquin-phoenix-pandemic,2025-07-16 20:28:32+00:00,"A24 is known for its prestige arthouse films, but in its early days as a distributor, it made most of its money from elevated horror films like Ari Aster's Hereditary and Midsommar. Over a decade in, the ambitions of A24 and Aster have expanded beyond genre f…",0.5927
Business Insider,Want to make a career pivot? Here's what this Google exec says you should do first.,https://www.businessinsider.com/career-pivot-google-ai-executive-mira-lane-2025-7,2025-07-27 09:06:01+00:00,"Mira Lane, who created an AI prototyping lab at Google, says this is the best strategy for finding a role that ""lights you up.""",0.7579
Flowingdata.com,Salary negotiation bias from chatbots,https://flowingdata.com/2025/07/24/salary-negotiation-bias-from-chatbots/,2025-07-24 16:05:04+00:00,"Surprise, commonly used chatbots show gender bias when users ask for salary negotiation advice. Researchers Sorokovikova and Chizhov et al. found that salary suggestions for females were lower than…",-0.2263
Windows Central,"Microsoft's AI CEO says Copilot will evolve into a ""real friend"" with a permanent identity — an ideal utopia of digital patina",https://www.windowscentral.com/artificial-intelligence/microsoft-copilot/microsofts-ai-ceo-says-copilot-will-evolve-into-a-real-friend,2025-07-25 10:00:00+00:00,"Microsoft's AI CEO, Mustafa Suleyman, recently discussed how Microsoft views and develops AI, regulation, competition with other rival AI firms, and his vision for Copilot.",0.8225
VentureBeat,SecurityPal combines AI and experts in Nepal to speed enterprise security questionnaires by 87X or more,https://venturebeat.com/security/securitypal-combines-ai-and-experts-in-nepal-to-speed-enterprise-security-questionnaires-by-87x-or-more/,2025-07-23 22:41:32+00:00,The Kathmandu center of excellence gives SecurityPal a cost base low enough to keep humans in the loop while staying price-competitive.,0.6597
Forbes,Should Kids Use ChatGPT AI For School? Parents Are Divided,https://www.forbes.com/sites/digital-assets/2025/08/06/should-kids-use-chatgpt-ai-for-school-parents-are-divided/,2025-08-06 13:00:00+00:00,Parents are divided on kids using AI tools like ChatGPT in education.Is it boosting learning or hurting critical thinking? What families need to know about AI in schools.,-0.1179
The Next Web,"ChatGPT advises women to ask for lower salaries, finds new study",https://thenextweb.com/news/chatgpt-advises-women-to-ask-for-lower-salaries-finds-new-study,2025-07-11 12:33:25+00:00,"A new study has found that large language models (LLMs) such as ChatGPT consistently advise women to ask for lower salaries than men, even when both have identical qualifications. The research was led by Ivan Yamshchikov, a professor of AI and robotics at the…",-0.5267
NPR,"DOJ to question Epstein associate Ghislaine Maxwell. And, Trump unveils new AI order",https://www.npr.org/2025/07/24/g-s1-79074/up-first-newsletter-jeffrey-epstein-trump-columbia-university-settlement-ai-executive-order,2025-07-24 11:12:37+00:00,"Columbia has agreed to pay over $200 million in a federal settlement. And, President Trump's new AI policies set requirements for companies wanting to do business with the federal government.",0.1779
Anthropic.com,Claude Opus 4.1,https://www.anthropic.com/news/claude-opus-4-1,2025-08-05 16:28:05+00:00,"Anthropic is an AI safety and research company that's working to build reliable, interpretable, and steerable AI systems.",0.4215
Business Insider,I'm a teacher who has integrated AI and ChatGPT into my classroom. It saves me time and helps me be a more efficient educator.,https://www.businessinsider.com/teacher-integrated-ai-chatgpt-into-classroom-2025-7,2025-07-13 14:47:01+00:00,Teachers focus so much on how students might use AI to cheat that we have forgotten how it can help us in the classroom. It makes me more efficient.,0.764
NPR,Most teens have used AI to flirt and chat — but still prefer human interaction,https://www.npr.org/2025/07/20/nx-s1-5471268/teens-ai-friends-chat-risks,2025-07-20 11:00:00+00:00,"A new report from the group Common Sense Media shows teens are experimenting with AI ""companions"" designed to provide deep conversations and advice.",0.0
The Next Web,Why I want the EU to pause the AI Act — as a climate advocate,https://thenextweb.com/news/pause-eu-ai-act-rush-risks-innovation,2025-07-16 06:00:30+00:00,"“There is no stop the clock. There is no grace period. There is no pause.” So said Thomas Regnier, a spokesman for the European Commission, in response to calls for a pause on the EU’s AI Act. These landmark rules on artificial intelligence will, then, be rol…",-0.0772
Cornell.edu,Hiding secret codes in light protects against fake videos,https://news.cornell.edu/stories/2025/07/hiding-secret-codes-light-protects-against-fake-videos,2025-08-02 15:40:27+00:00,"A team of Cornell computer science researchers has developed a way to “watermark” light in videos, which they can use to detect if video is fake or has been manipulated, another potential tool in the fight against misinformation.",-0.9118
Business Insider,David Ellison says AI shouldn't scare Hollywood,https://www.businessinsider.com/david-ellison-paramount-skydance-says-tech-wont-kill-hollywood-2025-8,2025-08-07 20:48:38+00:00,"The new Paramount Skydance chief described how he plans to use tech to consolidate streaming backends, improve content discovery, and more.",0.6734
Gizmodo.com,Meta Is Breaking OpenAI $100 Million at a Time,https://gizmodo.com/meta-is-breaking-openai-100-million-at-a-time-2000632931,2025-07-22 23:25:24+00:00,"With reportedly $300 million pay packages, Mark Zuckerberg's company is dismantling its rivals to fast-track Meta's race to superintelligence.""",-0.1027
